ID,Name,PhotoUrl
854040532,Amanda Watson,https://randomuser.me/api/portraits/women/48.jpg
144437814,Lily Hawkins,https://randomuser.me/api/portraits/women/67.jpg
779788823,Jerry Hunt,https://randomuser.me/api/portraits/men/56.jpg
255547955,Brennan Soto,https://randomuser.me/api/portraits/men/95.jpg
517374507,Brian Patterson,https://randomuser.me/api/portraits/men/94.jpg
419852118,Travis Lynch,https://randomuser.me/api/portraits/men/73.jpg
696096571,Kent Soto,https://randomuser.me/api/portraits/men/72.jpg
194027011,Charlene Burke,https://randomuser.me/api/portraits/women/33.jpg
159065881,Dwight Moreno,https://randomuser.me/api/portraits/men/94.jpg
886912114,Jesus Fox,https://randomuser.me/api/portraits/men/34.jpg
